关键词,笔记ID,标题,作者,点赞数,评论数,互动总量,内容类型
失恋,67104bfc000000001402f9b7,失恋后你一个人是如何熬过去的？,,9821,1243,11064,图文/视频
失恋,673b48260000000006014ee2,"亲爱的,我们都别回头。",,35582,412,35994,图文/视频
失恋,664189b1000000001e033c06,"一段感情的结束,不是一个人的问题.",,24303,726,25029,图文/视频
分手,68b27788000000001d02f1dc,分手后的一些感悟,,12050,424,12474,图文/视频
分手,69412ac4000000001e0388e4,小咩羊｜突然被分手了,,14880,394,15274,图文/视频
胖揍前男友,65ce25c100000000070054b3,分手后不小心揍了前任支付宝小鸡,,38000,5532,43532,图文/视频
胖揍前男友,68fec9760000000007015b07,闺闺帮我揍了前男友后……,,164,5,169,图文/视频
解气,673af0b80000000007033fa4,我也好想这么肆无忌惮的活一次啊,,711779,7340,719119,图文/视频
解气,685e6cc9000000000b02f0c2,大块人心解气时刻,,45000,412,45412,图文/视频
报复,68e5cea30000000005039a07,"不知道为什么,特别害怕被打,被报复……",,17065,336,17401,图文/视频
报复,675af392000000000402a566,"报复一个人最狠的方法,不动声色做好这两点",,3492,258,3750,图文/视频
解压小游戏,69383096000000000d038278,失恋了就来玩这个水滑道😱保准忘记一切烦恼,,8193,1272,9465,图文/视频
解压小游戏,674ad126000000000202938e,宅家不无聊🎮越玩越上瘾的解压宝藏小游戏,,11792,133,11925,图文/视频
想打人,67b03b3b0000000018011671,总是想给男朋友脸上来一拳也是生理性喜欢吗,,3160,4633,7793,图文/视频
想打人,66d95f4a0000000012013901,工作之后最爱用的头像,,8281,179,8460,图文/视频
发泄,663605f4000000001e034e9c,我不过是她发泄的工具罢了…,,52793,5288,58081,图文/视频
恨前男友,670114ac000000002c017312,"我知道很难,但是一定要学会放下,为自己",,4091,580,4671,图文/视频
恨前男友,673ee48e000000000202b654,大家都来说说对自己前任恨到什么程度了,,1028,2097,3125,图文/视频
渣男报应,66c4957e000000001f014629,,,12992,2684,15676,图文/视频
渣男报应,66ae3bdb00000000050395ec,渣男必报应,,2742,1989,4731,图文/视频
前任复仇,692ef86e000000000d03bcea,"对前任最好的报复(完整版),不笑你来打我",,3042,204,3246,图文/视频
分手后想发疯,64f488de000000001f03bde2,分手后的正确操作(三):我发疯我快乐,,3469,470,3939,图文/视频
发疯文学,6663c4f3000000000e031f9b,"拒绝精神内耗,有事直接发疯!",,525895,14585,540480,图文/视频
发疯文学,66488a0b0000000005004b78,,,539838,6757,546595,图文/视频
情绪垃圾桶,66ebfd4100000000250303cd,"区分""向你倾诉""还是""把你当成情绪垃圾桶""",,770,90,860,图文/视频
